﻿<parameters>
  <parameter name="IIS Web Application Name" defaultValue="Default Web Site/" tags="IisApp">
    <parameterEntry kind="ProviderPath" scope="IisApp" match="^C:\\uwbook\\uwbook-webapi\\uwbook-webapi\\obj\\Debug\\Package\\PackageTmp$" />
    <parameterEntry kind="ProviderPath" scope="setAcl" match="^C:\\uwbook\\uwbook-webapi\\uwbook-webapi\\obj\\Debug\\Package\\PackageTmp$" />
  </parameter>
  <parameter name="Add write permission to App_Data Folder" description="Add write permission to App_Data folder" defaultValue="{IIS Web Application Name}/App_Data" tags="Hidden">
    <parameterEntry kind="ProviderPath" scope="setAcl" match="^C:\\uwbook\\uwbook-webapi\\uwbook-webapi\\obj\\Debug\\Package\\PackageTmp\\App_Data$" />
  </parameter>
  <parameter name="uwbook_webapiContext-Web.config Connection String" description="uwbook_webapiContext Connection String used in web.config by the application to access the database." defaultValue="Server=tcp:k91qrsub6b.database.windows.net,1433;Database=uwbookA3TCgVacwK;User ID=uwbook@k91qrsub6b;Password=SqlPassword@;Trusted_Connection=False;Encrypt=True;Connection Timeout=30;" tags="SqlConnectionString">
    <parameterEntry kind="XmlFile" scope="C:\\uwbook\\uwbook-webapi\\uwbook-webapi\\obj\\Debug\\Package\\PackageTmp\\Web\.config$" match="/configuration/connectionStrings/add[@name='uwbook_webapiContext']/@connectionString" />
  </parameter>
</parameters>